System,Platform,Sale,Rating
PC,PC,187.19,76.24807395993837
PLAYSTATION,PS,205.28,73.88590604026845
PLAYSTATION,PS2,945.97,69.4921052631579
PLAYSTATION,PS3,784.3,70.95318595578674
PLAYSTATION,PS4,243.03,72.66945606694561
PLAYSTATION,PSP,187.92,68.7974358974359
XBOX,X360,853.3,69.04195804195804
XBOX,XB,212.07,71.6070796460177
XBOX,XOne,129.57,73.72955974842768
