System,Platform,Sale,Rating
PLAYSTATION,PS,206.55,73.85333333333334
PLAYSTATION,PS2,945.97,69.4921052631579
PLAYSTATION,PS3,784.3,70.95318595578674
PLAYSTATION,PS4,243.03,72.66945606694561
PLAYSTATION,PSP,187.92,68.7974358974359
XBOX,X360,853.3,69.04195804195804
XBOX,XB,212.07,71.6070796460177
XBOX,XOne,129.57,73.72955974842768
